nearest_x,run,n_clusters,n_noise
2.0,0.0,35,23
2.0,1.0,35,47
2.0,2.0,34,49
2.0,3.0,35,55
2.0,4.0,31,47
2.0,5.0,35,21
2.0,6.0,35,56
2.0,7.0,33,65
2.0,8.0,35,40
2.0,9.0,36,38
2.0,10.0,40,22
2.0,11.0,38,38
2.0,12.0,38,42
2.0,13.0,36,26
2.0,14.0,36,19
2.0,15.0,37,30
2.0,16.0,32,58
2.0,17.0,35,29
2.0,18.0,32,40
2.0,19.0,37,31
2.0,20.0,32,50
2.0,21.0,43,31
2.0,22.0,36,54
2.0,23.0,38,34
2.0,24.0,33,44
2.0,25.0,30,49
2.0,26.0,31,54
2.0,27.0,34,36
2.0,28.0,36,12
2.0,29.0,38,30
3.0,0.0,26,23
3.0,1.0,24,33
3.0,2.0,25,23
3.0,3.0,20,47
3.0,4.0,27,15
3.0,5.0,25,60
3.0,6.0,20,23
3.0,7.0,23,17
3.0,8.0,27,26
3.0,9.0,23,20
3.0,10.0,24,24
3.0,11.0,26,43
3.0,12.0,26,27
3.0,13.0,23,12
3.0,14.0,24,20
3.0,15.0,25,23
3.0,16.0,31,14
3.0,17.0,23,28
3.0,18.0,23,40
3.0,19.0,23,18
3.0,20.0,26,7
3.0,21.0,20,52
3.0,22.0,22,30
3.0,23.0,24,17
3.0,24.0,27,21
3.0,25.0,26,36
3.0,26.0,23,30
3.0,27.0,26,27
3.0,28.0,23,16
3.0,29.0,27,28
4.0,0.0,16,25
4.0,1.0,16,15
4.0,2.0,18,4
4.0,3.0,17,6
4.0,4.0,20,30
4.0,5.0,23,61
4.0,6.0,20,31
4.0,7.0,21,37
4.0,8.0,17,50
4.0,9.0,18,10
4.0,10.0,21,10
4.0,11.0,19,20
4.0,12.0,17,9
4.0,13.0,17,9
4.0,14.0,20,39
4.0,15.0,18,20
4.0,16.0,17,27
4.0,17.0,18,8
4.0,18.0,17,16
4.0,19.0,21,30
4.0,20.0,20,35
4.0,21.0,22,17
4.0,22.0,19,14
4.0,23.0,17,11
4.0,24.0,17,10
4.0,25.0,21,20
4.0,26.0,18,42
4.0,27.0,17,13
4.0,28.0,16,50
4.0,29.0,14,27
5.0,0.0,13,19
5.0,1.0,15,9
5.0,2.0,13,11
5.0,3.0,16,17
5.0,4.0,13,11
5.0,5.0,12,17
5.0,6.0,15,22
5.0,7.0,14,20
5.0,8.0,17,21
5.0,9.0,12,23
5.0,10.0,17,17
5.0,11.0,13,8
5.0,12.0,17,21
5.0,13.0,12,35
5.0,14.0,11,9
5.0,15.0,16,23
5.0,16.0,15,14
5.0,17.0,14,11
5.0,18.0,13,17
5.0,19.0,11,10
5.0,20.0,13,30
5.0,21.0,14,23
5.0,22.0,14,19
5.0,23.0,16,33
5.0,24.0,14,9
5.0,25.0,12,28
5.0,26.0,11,8
5.0,27.0,14,35
5.0,28.0,12,31
5.0,29.0,15,45
6.0,0.0,12,25
6.0,1.0,11,7
6.0,2.0,12,5
6.0,3.0,14,42
6.0,4.0,12,9
6.0,5.0,13,14
6.0,6.0,11,12
6.0,7.0,10,5
6.0,8.0,10,7
6.0,9.0,12,15
6.0,10.0,14,44
6.0,11.0,12,26
6.0,12.0,13,32
6.0,13.0,13,22
6.0,14.0,12,28
6.0,15.0,12,23
6.0,16.0,11,5
6.0,17.0,12,13
6.0,18.0,13,32
6.0,19.0,7,5
6.0,20.0,11,13
6.0,21.0,14,10
6.0,22.0,10,30
6.0,23.0,15,15
6.0,24.0,13,14
6.0,25.0,15,47
6.0,26.0,10,37
6.0,27.0,9,18
6.0,28.0,14,25
6.0,29.0,12,12
7.0,0.0,14,23
7.0,1.0,11,18
7.0,2.0,11,16
7.0,3.0,9,11
7.0,4.0,13,9
7.0,5.0,10,28
7.0,6.0,10,13
7.0,7.0,9,21
7.0,8.0,9,37
7.0,9.0,11,12
7.0,10.0,8,21
7.0,11.0,9,9
7.0,12.0,10,22
7.0,13.0,13,36
7.0,14.0,12,28
7.0,15.0,11,6
7.0,16.0,8,27
7.0,17.0,7,28
7.0,18.0,10,9
7.0,19.0,12,3
7.0,20.0,10,55
7.0,21.0,11,15
7.0,22.0,11,56
7.0,23.0,14,23
7.0,24.0,10,22
7.0,25.0,10,26
7.0,26.0,10,23
7.0,27.0,10,12
7.0,28.0,14,10
7.0,29.0,7,5
8.0,0.0,8,20
8.0,1.0,9,15
8.0,2.0,8,5
8.0,3.0,11,15
8.0,4.0,9,20
8.0,5.0,6,12
8.0,6.0,12,24
8.0,7.0,8,24
8.0,8.0,11,29
8.0,9.0,7,12
8.0,10.0,10,11
8.0,11.0,10,9
8.0,12.0,10,17
8.0,13.0,11,30
8.0,14.0,11,23
8.0,15.0,10,7
8.0,16.0,11,21
8.0,17.0,14,30
8.0,18.0,9,19
8.0,19.0,8,9
8.0,20.0,9,16
8.0,21.0,8,6
8.0,22.0,9,22
8.0,23.0,6,18
8.0,24.0,10,27
8.0,25.0,11,14
8.0,26.0,9,9
8.0,27.0,7,25
8.0,28.0,10,39
8.0,29.0,9,18
9.0,0.0,10,36
9.0,1.0,11,22
9.0,2.0,10,6
9.0,3.0,8,24
9.0,4.0,9,15
9.0,5.0,10,18
9.0,6.0,10,24
9.0,7.0,8,25
9.0,8.0,12,11
9.0,9.0,6,97
9.0,10.0,8,37
9.0,11.0,8,25
9.0,12.0,13,18
9.0,13.0,11,15
9.0,14.0,11,12
9.0,15.0,10,35
9.0,16.0,8,14
9.0,17.0,8,22
9.0,18.0,9,45
9.0,19.0,11,14
9.0,20.0,10,24
9.0,21.0,11,16
9.0,22.0,6,12
9.0,23.0,8,32
9.0,24.0,7,16
9.0,25.0,10,81
9.0,26.0,9,30
9.0,27.0,7,15
9.0,28.0,8,24
9.0,29.0,8,38
10.0,0.0,6,20
10.0,1.0,10,52
10.0,2.0,7,24
10.0,3.0,11,17
10.0,4.0,7,9
10.0,5.0,15,70
10.0,6.0,9,41
10.0,7.0,6,26
10.0,8.0,6,19
10.0,9.0,10,17
10.0,10.0,9,11
10.0,11.0,14,89
10.0,12.0,7,33
10.0,13.0,8,10
10.0,14.0,8,31
10.0,15.0,9,31
10.0,16.0,8,18
10.0,17.0,8,22
10.0,18.0,7,14
10.0,19.0,10,60
10.0,20.0,7,28
10.0,21.0,6,24
10.0,22.0,6,3
10.0,23.0,8,12
10.0,24.0,7,29
10.0,25.0,9,28
10.0,26.0,8,21
10.0,27.0,8,13
10.0,28.0,6,12
10.0,29.0,9,12
11.0,0.0,10,46
11.0,1.0,9,23
11.0,2.0,5,34
11.0,3.0,0,200
11.0,4.0,8,47
11.0,5.0,7,40
11.0,6.0,12,41
11.0,7.0,8,5
11.0,8.0,7,19
11.0,9.0,8,69
11.0,10.0,7,5
11.0,11.0,1,195
11.0,12.0,7,27
11.0,13.0,8,4
11.0,14.0,7,20
11.0,15.0,5,26
11.0,16.0,11,50
11.0,17.0,7,24
11.0,18.0,9,24
11.0,19.0,10,24
11.0,20.0,8,42
11.0,21.0,9,31
11.0,22.0,9,57
11.0,23.0,16,53
11.0,24.0,8,4
11.0,25.0,6,14
11.0,26.0,10,21
11.0,27.0,7,23
11.0,28.0,7,7
11.0,29.0,11,8
